{
    "dice": {
        "organ_spleen": 0.983,
        "organ_right_kidney": 0.939,
        "organ_left_kidney": 0.953,
        "organ_gallbladder": 0.875,
        "organ_liver": 0.965,
        "organ_stomach": 0.947,
        "organ_aorta": 0.981,
        "organ_inferior_vena_cava": 0.935,
        "organ_portal_vein_and_splenic_vein": 0.881,
        "organ_pancreas": 0.887,
        "organ_right_adrenal_gland": 0.909,
        "organ_left_adrenal_gland": 0.898,
        "lung_left_upper_lobe": 0.971,
        "lung_left_lower_lobe": 0.985,
        "lung_right_upper_lobe": 0.944,
        "lung_right_middle_lobe": 0.975,
        "lung_right_lower_lobe": 0.988,
        "vertebrae_L5": 0.961,
        "vertebrae_L4": 0.966,
        "vertebrae_L3": 0.959,
        "vertebrae_L2": 0.96,
        "vertebrae_L1": 0.948,
        "vertebrae_T12": 0.944,
        "vertebrae_T11": 0.953,
        "vertebrae_T10": 0.95,
        "vertebrae_T9": 0.959,
        "vertebrae_T8": 0.929,
        "vertebrae_T7": 0.935,
        "vertebrae_T6": 0.961,
        "vertebrae_T5": 0.965,
        "vertebrae_T4": 0.945,
        "vertebrae_T3": 0.958,
        "vertebrae_T2": 0.958,
        "vertebrae_T1": 0.984,
        "vertebrae_C7": 0.975,
        "vertebrae_C6": 0.871,
        "vertebrae_C5": 0.883,
        "vertebrae_C4": 0.89,
        "vertebrae_C3": 0.968,
        "vertebrae_C2": 0.984,
        "vertebrae_C1": 0.894,
        "heart_esophagus": 0.944,
        "heart_trachea": 0.977,
        "dheart_myocardium": 0.937,
        "dheart_left_atrium": 0.941,
        "dheart_left_ventricle": 0.955,
        "dheart_right_atrium": 0.939,
        "dheart_right_ventricle": 0.949,
        "dheart_pulmonary_artery": 0.927,
        "brain": 0.969,
        "iliac_artery_left": 0.928,
        "iliac_artery_right": 0.91,
        "iliac_vena_left": 0.929,
        "iliac_vena_right": 0.916,
        "small_bowel": 0.899,
        "duodenum": 0.837,
        "colon": 0.896,
        "rib_left_1": 0.97,
        "rib_left_2": 0.959,
        "rib_left_3": 0.96,
        "rib_left_4": 0.968,
        "rib_left_5": 0.925,
        "rib_left_6": 0.943,
        "rib_left_7": 0.939,
        "rib_left_8": 0.92,
        "rib_left_9": 0.932,
        "rib_left_10": 0.915,
        "rib_left_11": 0.926,
        "rib_left_12": 0.904,
        "rib_right_1": 0.969,
        "rib_right_2": 0.979,
        "rib_right_3": 0.969,
        "rib_right_4": 0.973,
        "rib_right_5": 0.928,
        "rib_right_6": 0.945,
        "rib_right_7": 0.95,
        "rib_right_8": 0.956,
        "rib_right_9": 0.96,
        "rib_right_10": 0.96,
        "rib_right_11": 0.955,
        "rib_right_12": 0.937,
        "humerus_left": 0.899,
        "humerus_right": 0.826,
        "scapula_left": 0.98,
        "scapula_right": 0.954,
        "clavicula_left": 0.96,
        "clavicula_right": 0.981,
        "femur_left": 0.914,
        "femur_right": 0.942,
        "hip_left": 0.968,
        "hip_right": 0.969,
        "sacrum": 0.963,
        "face": 0.797,
        "gluteus_maximus_left": 0.958,
        "gluteus_maximus_right": 0.961,
        "gluteus_medius_left": 0.958,
        "gluteus_medius_right": 0.959,
        "gluteus_minimus_left": 0.948,
        "gluteus_minimus_right": 0.952,
        "autochthon_left": 0.965,
        "autochthon_right": 0.964,
        "iliopsoas_left": 0.942,
        "iliopsoas_right": 0.947,
        "urinary_bladder": 0.934
    },
    "normalized_surface_distance": {
        "organ_spleen": 0.985,
        "organ_right_kidney": 0.956,
        "organ_left_kidney": 0.962,
        "organ_gallbladder": 0.958,
        "organ_liver": 0.973,
        "organ_stomach": 0.946,
        "organ_aorta": 0.997,
        "organ_inferior_vena_cava": 0.977,
        "organ_portal_vein_and_splenic_vein": 0.953,
        "organ_pancreas": 0.958,
        "organ_right_adrenal_gland": 0.992,
        "organ_left_adrenal_gland": 0.985,
        "lung_left_upper_lobe": 0.976,
        "lung_left_lower_lobe": 0.985,
        "lung_right_upper_lobe": 0.961,
        "lung_right_middle_lobe": 0.982,
        "lung_right_lower_lobe": 0.994,
        "vertebrae_L5": 0.971,
        "vertebrae_L4": 0.975,
        "vertebrae_L3": 0.973,
        "vertebrae_L2": 0.971,
        "vertebrae_L1": 0.971,
        "vertebrae_T12": 0.953,
        "vertebrae_T11": 0.966,
        "vertebrae_T10": 0.967,
        "vertebrae_T9": 0.969,
        "vertebrae_T8": 0.94,
        "vertebrae_T7": 0.957,
        "vertebrae_T6": 0.979,
        "vertebrae_T5": 0.991,
        "vertebrae_T4": 0.965,
        "vertebrae_T3": 0.974,
        "vertebrae_T2": 0.984,
        "vertebrae_T1": 0.998,
        "vertebrae_C7": 0.998,
        "vertebrae_C6": 0.938,
        "vertebrae_C5": 0.938,
        "vertebrae_C4": 0.921,
        "vertebrae_C3": 0.996,
        "vertebrae_C2": 1.0,
        "vertebrae_C1": 0.924,
        "heart_esophagus": 0.974,
        "heart_trachea": 0.992,
        "dheart_myocardium": 0.975,
        "dheart_left_atrium": 0.974,
        "dheart_left_ventricle": 0.976,
        "dheart_right_atrium": 0.969,
        "dheart_right_ventricle": 0.971,
        "dheart_pulmonary_artery": 0.972,
        "brain": 0.981,
        "iliac_artery_left": 0.962,
        "iliac_artery_right": 0.942,
        "iliac_vena_left": 0.964,
        "iliac_vena_right": 0.949,
        "small_bowel": 0.916,
        "duodenum": 0.906,
        "colon": 0.921,
        "rib_left_1": 0.997,
        "rib_left_2": 0.989,
        "rib_left_3": 0.983,
        "rib_left_4": 0.983,
        "rib_left_5": 0.94,
        "rib_left_6": 0.968,
        "rib_left_7": 0.955,
        "rib_left_8": 0.937,
        "rib_left_9": 0.948,
        "rib_left_10": 0.93,
        "rib_left_11": 0.948,
        "rib_left_12": 0.933,
        "rib_right_1": 0.998,
        "rib_right_2": 0.999,
        "rib_right_3": 0.992,
        "rib_right_4": 0.994,
        "rib_right_5": 0.946,
        "rib_right_6": 0.965,
        "rib_right_7": 0.966,
        "rib_right_8": 0.97,
        "rib_right_9": 0.974,
        "rib_right_10": 0.976,
        "rib_right_11": 0.974,
        "rib_right_12": 0.97,
        "humerus_left": 0.946,
        "humerus_right": 0.917,
        "scapula_left": 0.997,
        "scapula_right": 0.975,
        "clavicula_left": 0.972,
        "clavicula_right": 0.999,
        "femur_left": 0.927,
        "femur_right": 0.951,
        "hip_left": 0.977,
        "hip_right": 0.976,
        "sacrum": 0.977,
        "face": 0.665,
        "gluteus_maximus_left": 0.97,
        "gluteus_maximus_right": 0.97,
        "gluteus_medius_left": 0.976,
        "gluteus_medius_right": 0.975,
        "gluteus_minimus_left": 0.976,
        "gluteus_minimus_right": 0.976,
        "autochthon_left": 0.984,
        "autochthon_right": 0.982,
        "iliopsoas_left": 0.977,
        "iliopsoas_right": 0.977,
        "urinary_bladder": 0.944
    }
}